NAME	SYMBOL	RANK IN GENE LIST	RANK METRIC SCORE	RUNNING ES	CORE ENRICHMENT	
row_0	CISH	8	7.22438907623291	0.025228685	Yes	
row_1	LARP1	26	5.96330451965332	0.04504703	Yes	
row_2	PPAN	35	5.748079776763916	0.064961955	Yes	
row_3	SWAP70	37	5.738617897033691	0.08552046	Yes	
row_4	HSPD1	42	5.5952887535095215	0.10527266	Yes	
row_5	MAT2A	62	5.25180196762085	0.12233645	Yes	
row_6	WDR74	101	4.591402530670166	0.13518392	Yes	
row_7	SLC7A1	120	4.465780258178711	0.14951535	Yes	
row_8	IFRD2	125	4.432302474975586	0.16508155	Yes	
row_9	MRPL15	128	4.421436786651611	0.18080224	Yes	
row_10	HSP90AB1	138	4.3175764083862305	0.19547148	Yes	
row_11	CCT3	166	4.142268180847168	0.20776722	Yes	
row_12	POLR2H	169	4.124131202697754	0.22241782	Yes	
row_13	PPAT	176	4.081175804138184	0.23652656	Yes	
row_14	POLR2E	182	4.038355350494385	0.25057802	Yes	
row_15	IFRD1	185	4.0230488777160645	0.26486477	Yes	
row_16	RSL24D1	212	3.884611129760742	0.2763299	Yes	
row_17	GTPBP4	213	3.8796870708465576	0.2902943	Yes	
row_18	IRF5	255	3.5797979831695557	0.29921022	Yes	
row_19	RANBP1	263	3.5571353435516357	0.31133598	Yes	
row_20	RPP14	270	3.5332984924316406	0.3234727	Yes	
row_21	PRDX3	287	3.4644837379455566	0.33439374	Yes	
row_22	FKBP4	292	3.450495481491089	0.34642607	Yes	
row_23	THUMPD1	312	3.3666422367095947	0.3567045	Yes	
row_24	IMPDH2	381	3.1444082260131836	0.36143956	Yes	
row_25	ALG3	448	2.944918394088745	0.3656502	Yes	
row_26	PDCD5	470	2.9063775539398193	0.37407836	Yes	
row_27	PES1	477	2.893566370010376	0.3839125	Yes	
row_28	ETF1	489	2.8532042503356934	0.39311734	Yes	
row_29	MTHFD1	527	2.79106068611145	0.39958155	Yes	
row_30	SUPV3L1	528	2.790513277053833	0.4096256	Yes	
row_31	LSM7	555	2.735093832015991	0.4169532	Yes	
row_32	RHBDF1	605	2.61249041557312	0.42161304	Yes	
row_33	WDR5	668	2.4804391860961914	0.42453906	Yes	
row_34	PSMD11	672	2.468003273010254	0.43313187	Yes	
row_35	MAGOH	717	2.381319761276245	0.43744364	Yes	
row_36	PPIE	736	2.3520004749298096	0.44416684	Yes	
row_37	MRPL40	768	2.2957513332366943	0.44942906	Yes	
row_38	STIP1	832	2.217149257659912	0.45131063	Yes	
row_39	QTRT1	848	2.1976094245910645	0.45776853	Yes	
row_40	DNAJC11	872	2.1686692237854004	0.46334782	Yes	
row_41	MRPS22	875	2.165330648422241	0.47094798	Yes	
row_42	TRMT10C	891	2.133017063140869	0.4771734	Yes	
row_43	UQCC2	908	2.1178205013275146	0.48324728	Yes	
row_44	MRPL32	912	2.11415433883667	0.49056646	Yes	
row_45	KAT2A	928	2.095154285430908	0.49665558	Yes	
row_46	RCC1	942	2.0711886882781982	0.502852	Yes	
row_47	HMBS	944	2.0696840286254883	0.5102048	Yes	
row_48	NSUN5	950	2.0657243728637695	0.517156	Yes	
row_49	NXT1	988	2.0038511753082275	0.52078676	Yes	
row_50	TELO2	1000	1.985379934310913	0.526868	Yes	
row_51	NDUFAF5	1016	1.9645626544952393	0.5324871	Yes	
row_52	XRCC5	1030	1.941595435142517	0.53821707	Yes	
row_53	TTC1	1041	1.9297778606414795	0.544195	Yes	
row_54	AASDHPPT	1054	1.8984553813934326	0.54986656	Yes	
row_55	DHX37	1063	1.8803589344024658	0.55586016	Yes	
row_56	CCT2	1144	1.7901852130889893	0.55455923	Yes	
row_57	YDJC	1204	1.7223981618881226	0.5550472	Yes	
row_58	MRPS2	1237	1.6911718845367432	0.55803657	Yes	
row_59	GTF3C6	1267	1.659589409828186	0.5612027	Yes	
row_60	CARM1	1282	1.6495705842971802	0.5657848	Yes	
row_61	DOT1L	1299	1.627127766609192	0.5700925	Yes	
row_62	PPIA	1314	1.6134892702102661	0.5745448	Yes	
row_63	POLE4	1336	1.5921993255615234	0.5782427	Yes	
row_64	ISY1	1385	1.5559405088424683	0.57919645	Yes	
row_65	WDR12	1485	1.4665417671203613	0.5748913	Yes	
row_66	NDUFAF7	1495	1.4571915864944458	0.579265	Yes	
row_67	PRPF3	1497	1.456421971321106	0.58441037	Yes	
row_68	CSE1L	1530	1.4280651807785034	0.5864527	Yes	
row_69	MVP	1539	1.4209229946136475	0.59079266	Yes	
row_70	LAGE3	1555	1.4065083265304565	0.59440315	Yes	
row_71	TARBP2	1609	1.3674923181533813	0.59419453	Yes	
row_72	ELP2	1685	1.3109264373779297	0.59165263	Yes	
row_73	NUP85	1694	1.3062076568603516	0.5955797	Yes	
row_74	CPSF1	1743	1.2679423093795776	0.5954968	Yes	
row_75	ABT1	1748	1.2659112215042114	0.599666	Yes	
row_76	NOL12	1861	1.1767942905426025	0.5930595	Yes	
row_77	PMPCA	1873	1.1701725721359253	0.5962065	Yes	
row_78	PCNA	1898	1.1550743579864502	0.5980407	Yes	
row_79	FAM210A	1920	1.1340858936309814	0.6000898	Yes	
row_80	EIF2AK4	1997	1.08085036277771	0.5966229	Yes	
row_81	RCE1	2039	1.049466609954834	0.5964313	Yes	
row_82	MTG2	2043	1.047109603881836	0.5999098	Yes	
row_83	TRIM44	2058	1.0364248752593994	0.60228497	Yes	
row_84	CYB5B	2134	0.9894819855690002	0.5985861	No	
row_85	TADA2A	2262	0.9173595309257507	0.58959365	No	
row_86	POLR2C	2342	0.8762421607971191	0.58509994	No	
row_87	TMEM183A	2354	0.8707576394081116	0.58716923	No	
row_88	UBTD2	2408	0.8484716415405273	0.58509254	No	
row_89	MLLT1	2419	0.8439542055130005	0.58716214	No	
row_90	LCMT1	2491	0.8061845302581787	0.58319074	No	
row_91	COX10	2620	0.7521944046020508	0.573507	No	
row_92	NEDD8	2661	0.733597457408905	0.5722753	No	
row_93	RPUSD1	2687	0.722740888595581	0.57245654	No	
row_94	TXNRD3	2688	0.7220883965492249	0.5750556	No	
row_95	TXNRD1	2720	0.7080784440040588	0.57460326	No	
row_96	PGAM5	2721	0.7077108025550842	0.5771506	No	
row_97	YARS2	2731	0.7008005380630493	0.57880175	No	
row_98	GINS2	2740	0.6968902349472046	0.58053565	No	
row_99	CNOT11	2802	0.6705980896949768	0.57704425	No	
row_100	ZDHHC17	2814	0.664596438407898	0.5783715	No	
row_101	RBMX2	2910	0.6244816184043884	0.5714227	No	
row_102	LARS2	2914	0.6230535507202148	0.57337487	No	
row_103	RELB	2989	0.6003455519676208	0.56837213	No	
row_104	OMA1	3055	0.5777471661567688	0.56415933	No	
row_105	USP5	3087	0.564733624458313	0.563191	No	
row_106	CPSF3	3213	0.5204943418502808	0.5529638	No	
row_107	SNRPF	3217	0.5191314220428467	0.5545419	No	
row_108	NUP205	3229	0.5165188312530518	0.5553362	No	
row_109	CDKAL1	3277	0.4976304769515991	0.5525775	No	
row_110	NUP188	3307	0.4890182614326477	0.55153024	No	
row_111	POMP	3322	0.4837189316749573	0.55191606	No	
row_112	MMAA	3471	0.4373417794704437	0.539163	No	
row_113	UPF1	3495	0.43108490109443665	0.5384881	No	
row_114	USP31	3527	0.42036518454551697	0.5370002	No	
row_115	TCOF1	3565	0.40854817628860474	0.53488886	No	
row_116	MED31	3571	0.4064742624759674	0.5358679	No	
row_117	MYCBP2	3602	0.3981550931930542	0.5343968	No	
row_118	IDI1	3643	0.3850947320461273	0.5319107	No	
row_119	TPRKB	3647	0.3837950527667999	0.5330017	No	
row_120	PUS7L	3649	0.38323721289634705	0.5342843	No	
row_121	ZCCHC17	3655	0.3814223110675812	0.5351732	No	
row_122	STYX	3740	0.3594056963920593	0.52833515	No	
row_123	FEN1	3804	0.34133413434028625	0.523465	No	
row_124	TMEM216	3820	0.33717939257621765	0.5232265	No	
row_125	COA5	3954	0.3017885684967041	0.51143765	No	
row_126	GINS1	4165	0.24898847937583923	0.4920047	No	
row_127	WDR70	4270	0.22247765958309174	0.48273772	No	
row_128	EEFSEC	4327	0.21217630803585052	0.4780803	No	
row_129	MRPS11	4332	0.2110665887594223	0.4784528	No	
row_130	LIAS	4340	0.20955383777618408	0.47852942	No	
row_131	TOR3A	4371	0.20258644223213196	0.47635442	No	
row_132	RAD23A	4613	0.14191414415836334	0.4535351	No	
row_133	DHDDS	4618	0.14066845178604126	0.4536542	No	
row_134	BCKDK	4673	0.1297195553779602	0.44889364	No	
row_135	AAR2	4804	0.10493357479572296	0.4366866	No	
row_136	COMMD9	4879	0.0924031063914299	0.4298556	No	
row_137	TRAF3	4881	0.09214390069246292	0.43009046	No	
row_138	MRPL52	5012	0.067715585231781	0.4177495	No	
row_139	ITFG2	5126	0.0468086302280426	0.40697896	No	
row_140	TRAF1	5225	0.03144509345293045	0.3976052	No	
row_141	CTR9	5502	-0.015349366702139378	0.37094215	No	
row_142	TIGAR	5507	-0.015926159918308258	0.37061226	No	
row_143	FAF1	5574	-0.027444295585155487	0.3643219	No	
row_144	ITPA	5610	-0.0339323915541172	0.36105582	No	
row_145	CD40LG	5655	-0.039466988295316696	0.35693845	No	
row_146	GABARAPL1	5686	-0.044650353491306305	0.354195	No	
row_147	NDUFS4	5845	-0.0706983432173729	0.3391542	No	
row_148	ECHS1	6262	-0.14711636304855347	0.29941267	No	
row_149	ENOX2	6289	-0.1524680107831955	0.29744452	No	
row_150	NSMCE4A	6430	-0.1846500039100647	0.2845564	No	
row_151	NRP2	6501	-0.19917632639408112	0.27849692	No	
row_152	COX18	6521	-0.20428471267223358	0.2773929	No	
row_153	MFHAS1	6559	-0.21243785321712494	0.27457574	No	
row_154	NFKBIA	6616	-0.22769583761692047	0.2699742	No	
row_155	GEMIN8	6712	-0.2519935667514801	0.2616847	No	
row_156	YKT6	6946	-0.31363096833229065	0.24025789	No	
row_157	CFLAR	7021	-0.3355939984321594	0.23430221	No	
row_158	UBE2F	7212	-0.38823017477989197	0.21730655	No	
row_159	ATP6V1C1	7265	-0.40386900305747986	0.21372634	No	
row_160	RHOT2	7444	-0.4663453698158264	0.19817352	No	
row_161	GCLM	7708	-0.5737435221672058	0.1747788	No	
row_162	RAB1B	7758	-0.5940821766853333	0.17217365	No	
row_163	LRP8	7794	-0.6085538268089294	0.17097586	No	
row_164	PEX16	7816	-0.6169246435165405	0.17116347	No	
row_165	GADD45B	7843	-0.6285294890403748	0.17090882	No	
row_166	DNAJC27	7970	-0.6814153790473938	0.161164	No	
row_167	IFI35	8150	-0.7647684812545776	0.1465885	No	
row_168	SYTL3	8815	-1.1609044075012207	0.08648821	No	
row_169	CACNA1A	9238	-1.5598914623260498	0.05125092	No	
row_170	AP1G2	9333	-1.651697039604187	0.04809625	No	
row_171	LLGL1	9413	-1.7457877397537231	0.04673233	No	
row_172	FGF13	9416	-1.7482857704162598	0.052831415	No	
row_173	TTYH3	9511	-1.8939083814620972	0.05054855	No	
row_174	FIBP	9721	-2.260030746459961	0.038450867	No	
row_175	AFP	9764	-2.3534183502197266	0.04285582	No	
row_176	ADAR	9837	-2.490891695022583	0.04485143	No	
row_177	CIRBP	9943	-2.7541489601135254	0.044600017	No	
row_178	OAS3	9950	-2.777846336364746	0.054017633	No	
